insert into users (usr_username, usr_name, usr_bdate, usr_gender, usr_email,  usr_password, usr_points, usr_area_id) values ('john23','João Silva',to_date('2002-01-01','YYYY.MM.DD'),'M','jsilvaa@gmail.com','egi_egj53_98', 19875, 1345);  
insert into users (usr_username, usr_name, usr_bdate, usr_gender, usr_email,  usr_password, usr_points, usr_area_id) values ('bolds43','Hugo Costa',to_date('2001.03.03','YYYY.MM.DD'),'M','hgcosta@sapo.pt','eigohre945', 12356, 235);  
insert into users (usr_username, usr_name, usr_bdate, usr_gender, usr_email,  usr_password, usr_points, usr_area_id) values ('makag','Miguel Gouveia',to_date('2000.07.06','YYYY.MM.DD'),'M','makag@gmail.com','egbeign45', 123427, 1);  
insert into users (usr_username, usr_name, usr_bdate, usr_gender, usr_email,  usr_password, usr_points, usr_area_id) values ('reverse','Rui Silva',to_date('2002.09.23','YYYY.MM.DD'),'M','russi@mac.com','ghwug7938', 12349, 5);  
insert into users (usr_username, usr_name, usr_bdate, usr_gender, usr_email,  usr_password, usr_points, usr_area_id) values ('Fakie.exe','Rafael Sanchez',to_date('1994.08.15','YYYY.MM.DD'),'M','rms@gmail.com','vnuwog_45', 1789, 15);  
insert into users (usr_username, usr_name, usr_bdate, usr_gender, usr_email,  usr_password, usr_points, usr_area_id) values ('Eduu','Eduardo Maia',to_date('2001.11.16','YYYY.MM.DD'),'M','eduum@yahoo.com','rjhe937yh', 1579, 146);  
insert into users (usr_username, usr_name, usr_bdate, usr_gender, usr_email,  usr_password, usr_points, usr_area_id) values ('fittyB','Guilherme Sousa',to_date('2000.01.07','YYYY.MM.DD'),'M','sousaa@gmail.com','euwggu_24', 2014, 59);  
insert into users (usr_username, usr_name, usr_bdate, usr_gender, usr_email,  usr_password, usr_points, usr_area_id) values ('GandLinK','Ricardo Gomes',to_date('2001.01.07','YYYY.MM.DD'),'M','mpl@zmail.com','eughew346', 6987, 70);  
insert into users (usr_username, usr_name, usr_bdate, usr_gender, usr_email,  usr_password, usr_points, usr_area_id) values ('Lenny2','Leonardo Guilherme',to_date('2000.02.16','YYYY.MM.DD'),'M','leonbk@gmail.com','gguufew35_w0u', 9231, 153);  
insert into users (usr_username, usr_name, usr_bdate, usr_gender, usr_email,  usr_password, usr_points, usr_area_id) values ('Puddi','Tomás Matos',to_date('1999.10.29','YYYY.MM.DD'),'M','tommatos@sapo.pt','abce_eg235', 9871, 45);  

insert into areas (are_ids, are_points) values (1, 123427);
insert into areas (are_ids, are_points) values (5, 12349);
insert into areas (are_ids, are_points) values (15, 1789);
insert into areas (are_ids, are_points) values (45, 9871);
insert into areas (are_ids, are_points) values (59, 2014);
insert into areas (are_ids, are_points) values (70, 6987);
insert into areas (are_ids, are_points) values (146, 1579);
insert into areas (are_ids, are_points) values (153, 9231);
insert into areas (are_ids, are_points) values (235, 12356);
insert into areas (are_ids, are_points) values (1345, 19875);


insert into coords (crd_are_id, crd_latone, crd_lngone, crd_lattwo, crd_lngtwo, crd_latthree, crd_lngthree, crd_latfour, crd_lngfour, crd_sqrarea) values (1, 38.695884, -9.441235, 38.705814, -9.443018, 38.706534, -9.436962, 38.694535, -9.430397, 880077.25);
insert into coords (crd_are_id, crd_latone, crd_lngone, crd_lattwo, crd_lngtwo, crd_latthree, crd_lngthree, crd_latfour, crd_lngfour, crd_sqrarea) values (5, 38.706288, -9.143562, 38.706456, -9.146257, 38.708214, -9.145913, 38.707435, -9.143380, 37793.40);
insert into coords (crd_are_id, crd_latone, crd_lngone, crd_lattwo, crd_lngtwo, crd_latthree, crd_lngthree, crd_latfour, crd_lngfour, crd_sqrarea) values (15, 38.710971, -9.147111, 38.711552, -9.147261, 38.711795, -9.145808, 38.710841, -9.145948, 9677.45);
insert into coords (crd_are_id, crd_latone, crd_lngone, crd_lattwo, crd_lngtwo, crd_latthree, crd_lngthree, crd_latfour, crd_lngfour, crd_sqrarea) values (45, 38.712327, -9.145309, 38.712812, -9.145390, 38.712825, -9.145030, 38.712348, -9.144960, 1655.63);
insert into coords (crd_are_id, crd_latone, crd_lngone, crd_lattwo, crd_lngtwo, crd_latthree, crd_lngthree, crd_latfour, crd_lngfour, crd_sqrarea) values (59, 38.713612, -9.146834, 38.714114, -9.146737, 38.714227, -9.146136, 38.713537, -9.146044, 3994.21);
insert into coords (crd_are_id, crd_latone, crd_lngone, crd_lattwo, crd_lngtwo, crd_latthree, crd_lngthree, crd_latfour, crd_lngfour, crd_sqrarea) values (70, 38.715031, -9.147611, 38.716073, -9.147788, 38.715868, -9.146903, 38.715408, -9.146994, 5470.71);
insert into coords (crd_are_id, crd_latone, crd_lngone, crd_lattwo, crd_lngtwo, crd_latthree, crd_lngthree, crd_latfour, crd_lngfour, crd_sqrarea) values (146, 38.695964, -9.438719, 38.696910, -9.438837, 38.696977, -9.437914, 38.696291, -9.437710, 7903.91);
insert into coords (crd_are_id, crd_latone, crd_lngone, crd_lattwo, crd_lngtwo, crd_latthree, crd_lngthree, crd_latfour, crd_lngfour, crd_sqrarea) values (153, 38.721782, -9.147418, 38.722150, -9.146769, 38.720543, -9.145379, 38.720246, -9.146125, 14860.22);
insert into coords (crd_are_id, crd_latone, crd_lngone, crd_lattwo, crd_lngtwo, crd_latthree, crd_lngthree, crd_latfour, crd_lngfour, crd_sqrarea) values (235, 38.721708, -9.144919, 38.723332, -9.145639, 38.723324, -9.144276, 38.721893, -9.143685, 19671.02);
insert into coords (crd_are_id, crd_latone, crd_lngone, crd_lattwo, crd_lngtwo, crd_latthree, crd_lngthree, crd_latfour, crd_lngfour, crd_sqrarea) values (1345, 38.727529, -9.140499, 38.731496, -9.140757, 38.731346, -9.137583, 38.727362, -9.137562, 116822.06);


insert into areacoords (areacrd_area_id, areacrd_crd_id) values (1,1);
insert into areacoords (areacrd_area_id, areacrd_crd_id) values (2,2);
insert into areacoords (areacrd_area_id, areacrd_crd_id) values (3,3);
insert into areacoords (areacrd_area_id, areacrd_crd_id) values (4,4);
insert into areacoords (areacrd_area_id, areacrd_crd_id) values (5,5);
insert into areacoords (areacrd_area_id, areacrd_crd_id) values (6,6);
insert into areacoords (areacrd_area_id, areacrd_crd_id) values (7,7);
insert into areacoords (areacrd_area_id, areacrd_crd_id) values (8,8);
insert into areacoords (areacrd_area_id, areacrd_crd_id) values (9,9);
insert into areacoords (areacrd_area_id, areacrd_crd_id) values (10,10);

commit;